,predict,actual
0,poloo,nonsp
1,paloo,vapor
2,paloo,photo
3,paloo,calen
4,poloo,nonsp
5,paloo,vapor
6,paloo,calen
7,poloo,nonsp
8,paloo,calen
9,paloo,nonsp
10,paloo,vapor
11,paloo,allom
12,paloo,allom
13,paloo,nonsp
14,paloo,vapor
15,paloo,vapor
16,paloo,calen
17,paloo,porre
18,paloo,allom
19,paloo,photo
20,paloo,allom
21,paloo,photo
22,palom,allom
23,paloo,nonsp
24,paloo,allom
25,paloo,calen
26,paloo,vapor
27,paloo,vapor
28,paloo,allom
29,paloo,porre
30,paloo,photo
31,paloo,allom
32,paloo,nonsp
33,paloo,photo
34,poloo,nonsp
35,paloo,nonsp
36,paloo,photo
37,paloo,allom
38,paloo,nonsp
39,paloo,calen
40,paloo,vapor
41,paloo,photo
42,paloo,vapor
43,paloo,calen
44,paloo,photo
45,paloo,vapor
46,paloo,vapor
47,paloo,calen
48,paloo,photo
49,paloo,photo
50,paloo,allom
51,paloo,allom
52,paloo,photo
53,paloo,nonsp
54,paloo,vapor
55,paloo,photo
56,poloo,porre
57,poooo,porre
58,paloo,calen
59,paloo,vapor
60,paloo,photo
61,paloo,nonsp
62,paloo,porre
63,paloo,nonsp
64,paloo,porre
65,paloo,nonsp
66,paloo,allom
67,paloo,calen
68,paloo,allom
69,paloo,calen
70,paloo,vapor
71,paloo,allom
72,paloo,allom
73,paloo,calen
74,paloo,calen
75,paloo,allom
76,paloo,porre
77,paloo,calen
78,paloo,photo
79,paloo,calen
80,paloo,photo
81,paloo,allom
82,paloo,photo
83,paloo,calen
84,paloo,calen
85,paloo,porre
86,paloo,calen
87,paloo,calen
88,paloo,calen
89,paloo,vapor
90,paloo,photo
91,paloo,photo
92,paloo,porre
93,paloo,vapor
94,poloo,nonsp
95,paloo,vapor
96,paloo,calen
97,paloo,photo
98,paloo,vapor
99,paloo,vapor
100,paloo,photo
101,paloo,porre
102,paloo,calen
103,paloo,vapor
104,paloo,photo
105,poloo,nonsp
106,paloo,photo
107,paloo,photo
108,paloo,vapor
109,paloo,nonsp
110,paloo,calen
111,paloo,photo
112,paloo,porre
113,paloo,porre
114,paloo,nonsp
115,paloo,calen
116,paloo,photo
117,paloo,allom
118,paloo,porre
119,paloo,photo
120,paloo,calen
121,paloo,photo
122,poloo,nonsp
123,paloo,photo
124,poloo,allom
125,paloo,porre
126,paloo,photo
127,paloo,photo
128,paloo,photo
129,paloo,nonsp
130,paloo,allom
131,paloo,vapor
132,paloo,allom
133,palom,allom
134,paloo,nonsp
135,paloo,porre
136,paloo,allom
137,paloo,porre
138,poloo,nonsp
139,paloo,calen
140,paloo,allom
141,paloo,nonsp
142,paloo,vapor
143,paloo,calen
144,paloo,calen
145,paloo,allom
146,paloo,photo
147,paloo,photo
148,paloo,nonsp
149,paloo,allom
150,paloo,photo
151,paloo,calen
152,poloo,photo
153,paloo,vapor
154,paloo,allom
155,paloo,allom
156,paloo,nonsp
157,paloo,calen
158,paloo,calen
159,paloo,vapor
160,paloo,calen
161,paloo,photo
162,paloo,vapor
163,paloo,allom
164,paloo,calen
165,paloo,calen
166,palom,photo
167,paloo,photo
168,paloo,vapor
169,paloo,nonsp
170,paloo,calen
171,paloo,allom
172,paloo,vapor
173,paloo,photo
174,paloo,photo
175,paloo,vapor
176,paloo,nonsp
177,paloo,photo
178,poloo,photo
179,paloo,porre
180,paloo,porre
181,paloo,photo
182,poloo,porre
183,paloo,porre
184,paloo,allom
185,paloo,nonsp
186,paloo,porre
187,paloo,calen
188,paloo,nonsp
189,paloo,photo
190,paloo,calen
191,paloo,photo
192,paloo,calen
193,paloo,nonsp
194,paloo,porre
195,paloo,porre
196,poloo,nonsp
197,paloo,calen
198,paloo,nonsp
199,paloo,calen
200,paloo,vapor
201,paloo,photo
202,paloo,calen
203,paloo,calen
204,paloo,nonsp
205,paloo,photo
206,paloo,calen
207,paloo,nonsp
208,paloo,allom
209,paloo,vapor
210,paloo,calen
211,paloo,porre
212,paloo,vapor
213,paloo,nonsp
214,paloo,calen
215,paloo,photo
216,paloo,vapor
217,paloo,vapor
218,paloo,allom
219,paloo,photo
220,paloo,nonsp
221,paloo,calen
222,paloo,nonsp
223,paloo,allom
224,paloo,allom
225,paloo,porre
226,paloo,photo
227,paloo,nonsp
228,paloo,nonsp
229,poloo,porre
230,paloo,vapor
231,paloo,nonsp
232,paloo,allom
233,paloo,allom
234,paloo,nonsp
235,paloo,photo
236,paloo,nonsp
237,paloo,vapor
238,paloo,porre
239,paloo,photo
240,paloo,nonsp
241,paloo,photo
242,paloo,vapor
243,paloo,porre
244,paloo,nonsp
245,paloo,calen
246,paloo,calen
247,paloo,allom
248,poloo,porre
249,paloo,photo
250,paloo,photo
251,paloo,photo
252,paloo,porre
253,paloo,calen
254,paloo,porre
255,paloo,photo
256,paloo,nonsp
257,paloo,porre
258,paloo,calen
259,paloo,nonsp
260,paloo,vapor
261,paloo,vapor
262,palom,allom
263,paloo,allom
264,paloo,calen
265,paloo,calen
266,paloo,porre
267,paloo,vapor
268,paloo,photo
269,paloo,porre
270,paloo,allom
271,poloo,calen
272,paloo,photo
273,paloo,allom
274,paloo,vapor
275,paloo,allom
276,poooo,porre
277,paloo,porre
278,paloo,calen
279,paloo,allom
280,paloo,porre
281,paloo,vapor
282,paloo,calen
283,paloo,allom
284,paloo,vapor
285,paloo,vapor
286,paloo,calen
287,paloo,photo
288,paloo,allom
289,paloo,calen
290,paloo,allom
291,paloo,allom
292,paloo,calen
293,poloo,porre
294,paloo,nonsp
295,paloo,allom
296,paloo,photo
297,paloo,calen
298,paloo,calen
299,paloo,allom
300,paloo,calen
301,paloo,allom
302,paloo,vapor
303,paloo,nonsp
304,paloo,porre
305,paloo,allom
306,paloo,porre
307,paloo,porre
308,paloo,allom
309,paloo,porre
310,paloo,porre
311,paloo,calen
312,paloo,vapor
313,paloo,calen
314,paloo,porre
315,paloo,vapor
316,paloo,vapor
317,paloo,calen
318,paloo,allom
319,poloo,porre
320,paloo,nonsp
321,paloo,calen
322,paloo,porre
323,paloo,porre
324,paloo,nonsp
325,paloo,allom
326,paloo,nonsp
327,paloo,allom
328,paloo,photo
329,paloo,vapor
330,paloo,nonsp
331,paloo,porre
332,paloo,vapor
333,paloo,allom
334,paloo,calen
335,paloo,vapor
336,paloo,porre
337,paloo,vapor
338,paloo,porre
339,paloo,porre
340,paloo,nonsp
341,paloo,vapor
342,paloo,vapor
343,paloo,calen
344,paloo,vapor
345,paloo,allom
346,paloo,nonsp
347,paloo,vapor
348,paloo,nonsp
349,paloo,photo
350,paloo,calen
351,paloo,porre
352,paloo,photo
353,paloo,calen
354,paloo,calen
355,poloo,porre
356,paloo,allom
357,poloo,nonsp
358,poloo,vapor
359,paloo,calen
360,paloo,allom
361,paloo,photo
362,paloo,nonsp
363,paloo,porre
364,paloo,nonsp
365,poloo,porre
366,paloo,nonsp
367,paloo,calen
368,paloo,photo
369,paloo,calen
370,paloo,calen
371,palom,allom
372,paloo,allom
373,paloo,photo
374,paloo,photo
375,paloo,photo
376,poloo,porre
377,paloo,photo
378,palom,allom
379,paloo,allom
380,paloo,nonsp
381,paloo,vapor
382,paloo,calen
383,paloo,calen
384,paloo,calen
385,paloo,calen
386,paloo,vapor
387,paloo,calen
388,paloo,allom
389,paloo,calen
390,paloo,calen
391,paloo,photo
392,paloo,calen
393,paloo,allom
394,paloo,calen
395,paloo,photo
396,poloo,porre
397,paloo,photo
398,paloo,nonsp
399,paloo,porre
400,paloo,allom
401,palom,allom
402,paloo,porre
403,paloo,allom
404,paloo,nonsp
405,paloo,vapor
406,paloo,calen
407,paloo,photo
408,paloo,allom
409,poloo,porre
410,paloo,allom
411,paloo,photo
412,paloo,nonsp
413,paloo,vapor
414,paloo,porre
415,paloo,vapor
416,paloo,allom
417,paloo,calen
418,palom,allom
419,paloo,vapor
420,poloo,calen
421,paloo,photo
422,paloo,allom
423,paloo,photo
424,paloo,vapor
425,poloo,nonsp
426,paloo,nonsp
427,paloo,calen
428,paloo,porre
429,paloo,calen
430,paloo,porre
431,paloo,allom
432,paloo,allom
433,paloo,allom
434,paloo,porre
435,paloo,calen
436,paloo,allom
437,paloo,porre
438,paloo,photo
439,paloo,nonsp
440,paloo,nonsp
441,paloo,nonsp
442,paloo,calen
443,paloo,allom
444,paloo,porre
445,paloo,vapor
446,paloo,nonsp
447,paloo,calen
448,paloo,photo
449,paloo,photo
450,paloo,nonsp
451,paloo,allom
452,paloo,allom
453,poloo,photo
454,paloo,calen
455,paloo,allom
456,paloo,calen
457,paloo,porre
458,paloo,vapor
459,poloo,photo
460,paloo,vapor
461,paloo,allom
462,paloo,allom
463,paloo,calen
464,paloo,nonsp
465,paloo,nonsp
466,paloo,vapor
467,paloo,vapor
468,paloo,photo
469,paloo,calen
470,paloo,photo
471,paloo,photo
472,paloo,photo
473,paloo,vapor
474,paloo,allom
475,paloo,nonsp
476,paloo,allom
477,paloo,vapor
478,paloo,vapor
479,paloo,porre
480,paloo,vapor
481,paloo,nonsp
482,paloo,calen
483,paloo,allom
484,paloo,allom
485,paloo,vapor
486,paloo,allom
487,paloo,porre
488,paloo,allom
489,paloo,calen
490,paloo,calen
491,paloo,nonsp
492,paloo,calen
493,paloo,porre
494,paloo,photo
495,paloo,photo
496,paloo,vapor
497,paloo,nonsp
498,paloo,photo
499,paloo,vapor
500,paloo,calen
501,paloo,allom
502,paloo,calen
503,paloo,porre
504,paloo,porre
505,paloo,vapor
506,paloo,nonsp
507,paloo,photo
508,paloo,porre
509,paloo,allom
510,paloo,allom
511,paloo,nonsp
512,paloo,nonsp
513,paloo,calen
514,paloo,nonsp
515,paloo,allom
516,paloo,photo
517,paloo,porre
518,paloo,photo
519,paloo,calen
520,paloo,calen
521,paloo,photo
522,paloo,calen
523,paloo,porre
524,paloo,nonsp
525,paloo,porre
526,paloo,calen
527,paloo,allom
528,paloo,porre
529,paloo,photo
530,paloo,vapor
531,paloo,allom
532,paloo,nonsp
533,paloo,calen
534,paloo,calen
535,paloo,vapor
536,paloo,porre
537,paloo,porre
538,poloo,porre
539,poloo,vapor
540,paloo,allom
541,paloo,vapor
542,paloo,photo
543,paloo,calen
544,paloo,photo
545,paloo,calen
546,paloo,porre
547,paloo,calen
548,paloo,allom
549,poloo,nonsp
550,paloo,nonsp
551,paloo,photo
552,paloo,calen
553,paloo,porre
554,paloo,calen
555,paloo,porre
556,paloo,photo
557,paloo,porre
558,paloo,allom
559,paloo,calen
560,paloo,vapor
561,paloo,photo
562,poloo,photo
563,paloo,allom
564,paloo,vapor
565,paloo,nonsp
566,paloo,nonsp
567,paloo,vapor
568,paloo,nonsp
569,paloo,allom
570,poloo,porre
571,paloo,nonsp
572,paloo,photo
573,paloo,porre
574,paloo,photo
575,poloo,porre
576,paloo,porre
577,paloo,allom
578,paloo,photo
579,poloo,porre
580,paloo,vapor
581,paloo,photo
582,paloo,calen
583,paloo,vapor
584,paloo,vapor
585,paloo,allom
586,paloo,photo
587,paloo,allom
588,paloo,calen
589,paloo,vapor
590,paloo,photo
591,paloo,allom
592,paloo,calen
593,paloo,allom
594,paloo,porre
595,paloo,allom
596,paloo,allom
597,paloo,nonsp
598,paloo,photo
599,paloo,photo
600,paloo,allom
601,paloo,vapor
602,paloo,nonsp
603,paloo,porre
604,poloo,photo
605,paloo,nonsp
606,poloo,nonsp
607,paloo,calen
608,paloo,nonsp
609,paloo,photo
610,paloo,photo
611,paloo,vapor
612,paloo,photo
613,paloo,nonsp
614,paloo,porre
615,paloo,photo
616,paloo,photo
617,paloo,calen
618,paloo,vapor
619,paloo,vapor
620,poloo,nonsp
621,poloo,photo
622,paloo,photo
623,paloo,vapor
624,paloo,allom
625,paloo,allom
626,paloo,allom
627,paloo,calen
628,paloo,vapor
629,paloo,allom
630,paloo,porre
631,paloo,porre
632,paloo,allom
633,paloo,vapor
634,paloo,calen
635,paloo,nonsp
636,paloo,vapor
637,paloo,calen
638,paloo,porre
639,poloo,porre
640,poloo,nonsp
641,paloo,allom
642,paloo,nonsp
643,paloo,photo
644,paloo,nonsp
645,poloo,porre
646,paloo,nonsp
647,paloo,vapor
648,paloo,nonsp
649,paloo,allom
650,paloo,calen
651,paloo,vapor
652,paloo,calen
653,paloo,allom
654,poloo,nonsp
655,paloo,vapor
656,paloo,calen
657,poloo,porre
658,paloo,calen
659,paloo,nonsp
660,paloo,vapor
661,paloo,calen
662,paloo,photo
663,paloo,vapor
664,paloo,vapor
665,paloo,nonsp
666,paloo,vapor
667,paloo,porre
668,paloo,porre
669,paloo,vapor
670,paloo,vapor
671,paloo,porre
672,paloo,nonsp
673,paloo,photo
674,poloo,porre
675,paloo,porre
676,paloo,allom
677,paloo,calen
678,paloo,calen
679,paloo,photo
680,paloo,calen
681,paloo,photo
682,paloo,nonsp
683,paloo,vapor
684,paloo,calen
685,paloo,nonsp
686,paloo,calen
687,paloo,nonsp
688,paloo,allom
689,paloo,allom
690,paloo,vapor
691,paloo,calen
692,poloo,nonsp
693,paloo,allom
694,paloo,nonsp
695,paloo,calen
696,paloo,nonsp
697,paloo,vapor
698,paloo,nonsp
699,paloo,nonsp
700,paloo,vapor
701,paloo,nonsp
702,paloo,photo
703,paloo,calen
704,paloo,photo
705,paloo,porre
706,paloo,nonsp
707,paloo,porre
708,palom,allom
709,paloo,allom
710,paloo,photo
711,paloo,porre
712,poloo,porre
713,paloo,allom
714,paloo,porre
715,paloo,calen
716,poloo,porre
717,paloo,allom
718,paloo,allom
719,poloo,porre
720,paloo,vapor
721,paloo,calen
722,paloo,porre
723,paloo,vapor
724,paloo,calen
725,paloo,nonsp
726,paloo,nonsp
727,paloo,photo
728,paloo,photo
729,paloo,photo
730,poloo,photo
731,paloo,calen
732,paloo,calen
733,poloo,nonsp
734,paloo,allom
735,paloo,porre
736,paloo,nonsp
737,paloo,nonsp
738,paloo,calen
739,paloo,photo
740,paloo,nonsp
741,paloo,calen
742,paloo,vapor
743,paloo,photo
744,paloo,photo
745,paloo,calen
746,paloo,calen
747,paloo,calen
748,paloo,photo
749,paloo,vapor
750,paloo,allom
751,poloo,porre
752,paloo,porre
753,paloo,nonsp
754,paloo,photo
755,paloo,vapor
756,paloo,nonsp
757,poloo,nonsp
758,paloo,calen
759,paloo,calen
760,paloo,calen
761,paloo,allom
762,paloo,allom
763,paloo,vapor
764,paloo,photo
765,paloo,vapor
766,paloo,calen
767,paloo,porre
768,paloo,porre
769,paloo,photo
770,paloo,allom
771,paloo,photo
772,poloo,nonsp
773,paloo,allom
774,paloo,nonsp
775,paloo,vapor
776,paloo,vapor
777,paloo,nonsp
778,paloo,calen
779,paloo,vapor
780,poloo,porre
781,paloo,vapor
782,paloo,vapor
783,paloo,allom
784,paloo,calen
785,paloo,porre
786,paloo,vapor
787,poloo,vapor
788,paloo,allom
789,paloo,photo
790,poloo,nonsp
791,paloo,calen
792,paloo,calen
793,paloo,photo
794,paloo,photo
795,paloo,vapor
796,paloo,porre
797,paloo,vapor
798,paloo,vapor
799,paloo,photo
800,paloo,calen
801,paloo,vapor
802,paloo,allom
803,paloo,vapor
804,paloo,calen
805,paloo,nonsp
806,poloo,photo
807,paloo,allom
808,paloo,vapor
809,paloo,porre
810,paloo,porre
811,paloo,photo
812,paloo,calen
813,paloo,photo
814,paloo,allom
815,paloo,vapor
816,paloo,calen
817,paloo,photo
818,paloo,photo
819,paloo,allom
820,paloo,allom
821,paloo,calen
822,paloo,porre
823,poloo,nonsp
824,paloo,nonsp
825,paloo,porre
826,paloo,allom
827,paloo,calen
828,paloo,photo
829,paloo,allom
830,paloo,vapor
831,paloo,porre
832,paloo,photo
833,paloo,nonsp
834,paloo,porre
835,paloo,calen
836,paloo,allom
837,paloo,nonsp
838,paloo,vapor
839,paloo,calen
840,paloo,nonsp
841,paloo,porre
842,paloo,allom
843,paloo,allom
844,paloo,allom
845,paloo,photo
846,paloo,vapor
847,paloo,porre
848,paloo,nonsp
849,paloo,photo
850,paloo,allom
851,paloo,allom
852,paloo,nonsp
853,paloo,allom
854,paloo,calen
855,paloo,photo
856,paloo,calen
857,paloo,porre
858,paloo,nonsp
859,paloo,nonsp
860,paloo,allom
861,paloo,photo
862,paloo,vapor
863,paloo,porre
864,paloo,photo
865,paloo,calen
866,poloo,porre
867,paloo,photo
868,paloo,vapor
869,paloo,photo
870,paloo,photo
871,paloo,photo
872,paloo,calen
873,paloo,porre
874,paloo,photo
875,paloo,calen
876,paloo,photo
877,paloo,porre
878,paloo,allom
879,paloo,calen
880,paloo,allom
881,paloo,porre
882,paloo,porre
883,paloo,nonsp
884,paloo,vapor
885,paloo,calen
886,paloo,nonsp
887,paloo,calen
888,paloo,nonsp
889,paloo,allom
890,paloo,vapor
891,paloo,calen
892,paloo,porre
893,paloo,nonsp
894,paloo,allom
895,paloo,porre
896,paloo,calen
897,poloo,porre
898,paloo,calen
899,paloo,calen
900,palom,vapor
901,poloo,photo
902,paloo,photo
903,paloo,photo
904,paloo,porre
905,poloo,nonsp
906,paloo,nonsp
907,paloo,calen
908,paloo,photo
909,paloo,photo
910,poloo,porre
911,paloo,vapor
912,paloo,allom
913,paloo,photo
914,paloo,calen
915,paloo,allom
916,paloo,calen
917,paloo,calen
918,paloo,nonsp
919,paloo,photo
920,paloo,calen
921,paloo,nonsp
922,paloo,nonsp
923,paloo,photo
924,paloo,allom
925,paloo,nonsp
926,poloo,allom
927,paloo,calen
928,paloo,vapor
929,paloo,nonsp
930,paloo,calen
931,paloo,vapor
932,paloo,calen
933,paloo,calen
934,paloo,photo
935,paloo,allom
936,paloo,allom
937,paloo,calen
938,paloo,porre
939,paloo,calen
940,paloo,allom
941,paloo,calen
942,paloo,nonsp
943,paloo,porre
944,poloo,nonsp
945,paloo,allom
946,paloo,vapor
947,paloo,nonsp
948,paloo,allom
949,paloo,porre
950,poloo,nonsp
951,poloo,porre
952,paloo,photo
953,paloo,allom
954,paloo,porre
955,paloo,porre
956,paloo,vapor
957,paloo,photo
958,paloo,calen
959,paloo,allom
960,paloo,nonsp
961,paloo,vapor
962,poloo,nonsp
963,paloo,vapor
964,paloo,calen
965,paloo,photo
966,paloo,calen
967,paloo,calen
968,paloo,porre
969,paloo,photo
970,paloo,allom
971,paloo,porre
972,paloo,calen
973,paloo,allom
974,paloo,calen
975,paloo,nonsp
976,paloo,calen
977,paloo,allom
978,paloo,calen
979,poloo,nonsp
980,paloo,nonsp
981,poloo,photo
982,poloo,nonsp
983,paloo,photo
984,poloo,porre
985,paloo,vapor
986,paloo,calen
987,paloo,photo
988,paloo,porre
989,paloo,photo
990,paloo,vapor
991,paloo,allom
992,poloo,porre
993,paloo,photo
994,paloo,vapor
995,paloo,photo
996,poloo,nonsp
997,paloo,photo
998,paloo,photo
999,paloo,photo
1000,paloo,calen
1001,paloo,calen
1002,paloo,porre
1003,paloo,calen
1004,paloo,vapor
1005,paloo,calen
1006,poloo,porre
1007,paloo,allom
1008,paloo,allom
1009,paloo,photo
1010,paloo,calen
1011,paloo,photo
1012,paloo,photo
1013,paloo,photo
1014,paloo,allom
1015,paloo,porre
1016,paloo,nonsp
1017,paloo,allom
1018,paloo,photo
1019,paloo,allom
1020,paloo,photo
1021,paloo,calen
1022,paloo,porre
1023,paloo,calen
1024,paloo,porre
1025,paloo,nonsp
1026,paloo,porre
1027,poloo,nonsp
1028,paloo,photo
1029,paloo,vapor
1030,paloo,nonsp
1031,paloo,vapor
1032,paloo,calen
1033,paloo,allom
1034,paloo,calen
1035,paloo,calen
1036,paloo,photo
1037,paloo,photo
1038,paloo,vapor
1039,paloo,vapor
1040,paloo,nonsp
1041,paloo,porre
1042,paloo,calen
1043,paloo,vapor
1044,paloo,allom
1045,paloo,photo
1046,paloo,nonsp
1047,paloo,nonsp
1048,paloo,photo
1049,paloo,nonsp
1050,paloo,vapor
1051,paloo,photo
1052,paloo,vapor
1053,paloo,vapor
1054,paloo,photo
1055,paloo,calen
1056,paloo,allom
1057,paloo,vapor
1058,paloo,allom
1059,paloo,photo
1060,paloo,calen
1061,paloo,porre
1062,paloo,vapor
1063,paloo,porre
1064,paloo,calen
1065,paloo,calen
1066,poloo,photo
1067,paloo,vapor
1068,paloo,nonsp
1069,paloo,vapor
1070,paloo,vapor
1071,paloo,calen
1072,poloo,nonsp
1073,paloo,photo
1074,paloo,vapor
1075,poloo,porre
1076,paloo,nonsp
1077,paloo,vapor
1078,paloo,vapor
1079,paloo,allom
1080,paloo,nonsp
1081,paloo,calen
1082,paloo,allom
1083,paloo,calen
1084,paloo,calen
1085,paloo,allom
1086,paloo,porre
1087,paloo,nonsp
1088,paloo,nonsp
1089,poloo,nonsp
1090,paloo,nonsp
1091,paloo,porre
1092,paloo,photo
1093,paloo,photo
1094,paloo,nonsp
1095,paloo,allom
1096,paloo,vapor
1097,paloo,vapor
1098,paloo,nonsp
1099,paloo,calen
1100,poloo,vapor
1101,paloo,nonsp
1102,paloo,porre
1103,paloo,photo
1104,paloo,photo
1105,paloo,nonsp
1106,paloo,calen
1107,paloo,allom
1108,paloo,vapor
1109,paloo,allom
1110,paloo,vapor
1111,paloo,allom
1112,paloo,porre
1113,paloo,calen
1114,paloo,photo
1115,paloo,allom
1116,paloo,porre
1117,paloo,calen
1118,paloo,nonsp
1119,paloo,photo
1120,paloo,calen
1121,palom,allom
1122,paloo,photo
1123,paloo,vapor
1124,paloo,vapor
1125,paloo,allom
1126,paloo,allom
1127,paloo,calen
1128,paloo,nonsp
1129,palom,allom
1130,paloo,porre
1131,paloo,nonsp
1132,paloo,vapor
1133,paloo,photo
1134,paloo,porre
1135,paloo,nonsp
1136,paloo,vapor
1137,paloo,photo
1138,paloo,allom
1139,paloo,photo
1140,paloo,porre
1141,paloo,nonsp
1142,paloo,allom
1143,paloo,nonsp
1144,paloo,porre
1145,paloo,allom
1146,paloo,porre
1147,paloo,nonsp
1148,paloo,porre
1149,paloo,photo
1150,paloo,nonsp
1151,paloo,photo
1152,paloo,allom
1153,poloo,calen
1154,poloo,vapor
1155,paloo,calen
1156,paloo,vapor
1157,paloo,nonsp
1158,paloo,allom
1159,paloo,calen
1160,poloo,porre
1161,paloo,vapor
1162,paloo,calen
1163,paloo,nonsp
1164,paloo,vapor
1165,paloo,allom
1166,paloo,porre
1167,paloo,calen
1168,paloo,vapor
1169,paloo,allom
1170,paloo,photo
1171,paloo,calen
1172,paloo,nonsp
1173,poloo,porre
1174,paloo,nonsp
1175,paloo,calen
1176,paloo,photo
1177,paloo,calen
1178,paloo,calen
1179,paloo,allom
1180,paloo,allom
1181,paloo,allom
1182,paloo,photo
1183,paloo,vapor
1184,paloo,photo
1185,poloo,vapor
1186,paloo,calen
1187,paloo,porre
1188,paloo,porre
1189,paloo,nonsp
1190,paloo,nonsp
1191,paloo,nonsp
1192,poloo,porre
1193,paloo,vapor
1194,paloo,nonsp
1195,paloo,photo
1196,paloo,allom
1197,paloo,vapor
1198,paloo,calen
1199,paloo,nonsp
1200,paloo,photo
1201,paloo,photo
1202,paloo,allom
1203,paloo,vapor
1204,paloo,vapor
1205,paloo,photo
1206,paloo,vapor
1207,paloo,nonsp
1208,paloo,porre
1209,paloo,nonsp
1210,paloo,nonsp
1211,paloo,allom
1212,paloo,calen
1213,paloo,photo
1214,paloo,vapor
1215,paloo,porre
1216,paloo,calen
1217,paloo,porre
1218,paloo,vapor
1219,paloo,calen
1220,paloo,photo
1221,paloo,vapor
1222,paloo,calen
1223,paloo,allom
1224,paloo,photo
1225,paloo,calen
1226,paloo,allom
1227,paloo,nonsp
1228,paloo,nonsp
1229,paloo,calen
1230,paloo,allom
1231,paloo,nonsp
1232,paloo,allom
1233,paloo,porre
1234,paloo,photo
1235,paloo,porre
1236,paloo,porre
1237,paloo,calen
1238,paloo,photo
1239,paloo,vapor
1240,paloo,photo
1241,paloo,vapor
1242,paloo,nonsp
1243,paloo,allom
1244,paloo,photo
1245,paloo,photo
1246,paloo,calen
1247,paloo,nonsp
1248,paloo,vapor
1249,paloo,allom
1250,paloo,vapor
1251,paloo,vapor
1252,paloo,allom
1253,paloo,nonsp
1254,paloo,porre
1255,paloo,vapor
1256,paloo,nonsp
1257,poloo,nonsp
1258,paloo,calen
1259,paloo,photo
1260,paloo,calen
1261,paloo,vapor
1262,paloo,vapor
1263,paloo,nonsp
1264,paloo,nonsp
1265,paloo,allom
1266,paloo,allom
1267,paloo,photo
1268,paloo,vapor
1269,paloo,vapor
1270,poloo,calen
1271,paloo,allom
1272,paloo,porre
1273,paloo,photo
1274,paloo,allom
1275,paloo,porre
1276,paloo,nonsp
1277,paloo,allom
1278,poloo,photo
1279,paloo,porre
1280,paloo,allom
1281,paloo,porre
1282,paloo,calen
1283,paloo,calen
1284,paloo,nonsp
1285,paloo,photo
1286,paloo,nonsp
1287,paloo,photo
1288,paloo,calen
1289,paloo,photo
1290,paloo,calen
1291,paloo,photo
1292,paloo,photo
1293,paloo,porre
1294,paloo,porre
1295,paloo,photo
1296,paloo,photo
1297,paloo,allom
1298,paloo,calen
1299,poloo,nonsp
1300,paloo,photo
1301,paloo,calen
1302,paloo,photo
1303,paloo,nonsp
1304,paloo,allom
1305,paloo,vapor
1306,paloo,calen
1307,poloo,porre
1308,paloo,allom
1309,paloo,nonsp
1310,paloo,photo
1311,paloo,porre
1312,paloo,photo
1313,paloo,allom
1314,paloo,allom
1315,paloo,nonsp
1316,paloo,allom
1317,paloo,photo
1318,paloo,porre
1319,paloo,vapor
1320,paloo,vapor
1321,paloo,calen
1322,paloo,nonsp
1323,paloo,photo
1324,paloo,allom
1325,paloo,calen
1326,paloo,porre
1327,paloo,porre
1328,paloo,photo
1329,paloo,calen
1330,paloo,porre
1331,paloo,photo
1332,paloo,nonsp
1333,paloo,allom
1334,paloo,nonsp
1335,paloo,porre
1336,poloo,photo
1337,paloo,nonsp
1338,paloo,allom
1339,paloo,allom
1340,paloo,calen
1341,paloo,nonsp
1342,paloo,porre
1343,paloo,photo
1344,paloo,allom
1345,paloo,calen
1346,paloo,nonsp
1347,poloo,nonsp
1348,paloo,photo
1349,paloo,vapor
1350,paloo,vapor
1351,paloo,nonsp
1352,paloo,allom
1353,paloo,vapor
1354,paloo,vapor
1355,paloo,nonsp
1356,paloo,vapor
1357,poooo,photo
1358,paloo,nonsp
1359,paloo,porre
1360,paloo,vapor
1361,paloo,calen
1362,paloo,allom
1363,paloo,calen
1364,paloo,nonsp
1365,paloo,nonsp
1366,paloo,nonsp
1367,paloo,photo
1368,paloo,nonsp
1369,paloo,calen
1370,paloo,calen
1371,paloo,photo
1372,paloo,nonsp
1373,paloo,allom
1374,paloo,allom
1375,paloo,calen
1376,paloo,allom
1377,paloo,vapor
1378,paloo,allom
1379,paloo,vapor
1380,poloo,vapor
1381,paloo,allom
1382,paloo,allom
1383,paloo,vapor
1384,paloo,allom
1385,paloo,nonsp
1386,paloo,nonsp
1387,paloo,allom
1388,paloo,nonsp
1389,paloo,vapor
1390,paloo,nonsp
1391,paloo,vapor
1392,paloo,nonsp
1393,paloo,allom
1394,paloo,vapor
1395,paloo,porre
1396,paloo,vapor
1397,paloo,porre
1398,paloo,porre
1399,paloo,nonsp
1400,paloo,porre
1401,paloo,photo
1402,paloo,nonsp
1403,paloo,porre
1404,paloo,nonsp
1405,paloo,photo
1406,paloo,vapor
1407,paloo,nonsp
1408,paloo,porre
1409,paloo,photo
1410,poloo,nonsp
1411,paloo,nonsp
1412,paloo,photo
1413,paloo,calen
1414,paloo,photo
1415,paloo,porre
1416,paloo,vapor
1417,paloo,photo
1418,paloo,allom
1419,paloo,vapor
1420,paloo,photo
1421,paloo,vapor
1422,paloo,vapor
1423,paloo,porre
1424,paloo,porre
1425,paloo,photo
1426,paloo,nonsp
1427,paloo,vapor
1428,paloo,nonsp
1429,paloo,porre
1430,paloo,porre
1431,paloo,calen
1432,paloo,photo
1433,paloo,photo
1434,paloo,vapor
1435,paloo,porre
1436,paloo,calen
1437,paloo,photo
1438,paloo,allom
1439,poloo,porre
1440,paloo,photo
1441,paloo,allom
1442,paloo,photo
1443,poloo,porre
1444,poloo,porre
1445,paloo,nonsp
1446,paloo,allom
1447,paloo,nonsp
1448,poloo,porre
1449,paloo,photo
1450,paloo,porre
1451,paloo,nonsp
1452,paloo,photo
1453,paloo,photo
1454,paloo,calen
1455,palom,allom
1456,paloo,porre
1457,paloo,allom
1458,paloo,porre
1459,poloo,calen
1460,paloo,porre
1461,paloo,allom
1462,paloo,vapor
1463,poooo,nonsp
1464,paloo,calen
1465,paloo,allom
1466,paloo,nonsp
1467,paloo,allom
1468,paloo,photo
1469,poloo,porre
1470,paloo,vapor
1471,paloo,allom
1472,paloo,calen
1473,paloo,allom
1474,paloo,photo
1475,paloo,allom
1476,paloo,vapor
1477,paloo,nonsp
1478,paloo,photo
1479,poloo,nonsp
1480,paloo,allom
1481,palom,allom
1482,paloo,allom
1483,paloo,allom
1484,paloo,porre
1485,poloo,porre
1486,paloo,calen
1487,poloo,porre
1488,paloo,nonsp
1489,paloo,porre
1490,paloo,photo
1491,paloo,vapor
1492,paloo,vapor
1493,paloo,vapor
1494,paloo,nonsp
1495,paloo,nonsp
1496,paloo,calen
1497,paloo,vapor
1498,paloo,nonsp
1499,poloo,porre
1500,paloo,vapor
1501,paloo,vapor
1502,paloo,calen
1503,paloo,photo
1504,paloo,calen
1505,paloo,allom
1506,paloo,nonsp
1507,paloo,photo
1508,paloo,vapor
1509,paloo,calen
1510,paloo,calen
1511,paloo,calen
1512,paloo,photo
1513,poloo,photo
1514,paloo,vapor
1515,paloo,nonsp
1516,paloo,nonsp
1517,paloo,nonsp
1518,paloo,porre
1519,paloo,photo
1520,paloo,photo
1521,poloo,vapor
1522,paloo,allom
1523,paloo,allom
1524,paloo,allom
1525,poloo,porre
1526,paloo,photo
1527,paloo,vapor
1528,paloo,porre
1529,paloo,photo
1530,paloo,photo
1531,paloo,calen
1532,paloo,calen
1533,paloo,allom
1534,paloo,allom
1535,paloo,calen
1536,paloo,calen
1537,paloo,porre
1538,poloo,nonsp
1539,paloo,nonsp
1540,paloo,vapor
1541,paloo,vapor
1542,paloo,calen
1543,paloo,porre
1544,paloo,photo
1545,paloo,vapor
1546,paloo,porre
1547,paloo,calen
1548,paloo,nonsp
1549,paloo,photo
1550,paloo,nonsp
1551,paloo,vapor
1552,paloo,calen
1553,paloo,porre
1554,paloo,calen
1555,paloo,porre
1556,poloo,allom
1557,paloo,nonsp
1558,paloo,porre
1559,paloo,allom
1560,paloo,vapor
1561,poloo,porre
1562,paloo,calen
1563,paloo,photo
1564,paloo,porre
1565,paloo,calen
1566,paloo,porre
1567,paloo,calen
1568,paloo,allom
1569,paloo,nonsp
1570,paloo,photo
1571,paloo,calen
1572,paloo,porre
1573,paloo,vapor
1574,paloo,nonsp
1575,paloo,porre
1576,paloo,photo
1577,poloo,nonsp
1578,paloo,vapor
1579,poloo,porre
1580,poloo,nonsp
1581,paloo,porre
1582,paloo,vapor
1583,paloo,vapor
1584,paloo,allom
1585,palom,calen
1586,paloo,vapor
1587,palom,allom
1588,paloo,photo
1589,paloo,calen
1590,paloo,photo
1591,poloo,nonsp
1592,paloo,calen
1593,paloo,porre
1594,paloo,vapor
1595,paloo,nonsp
1596,paloo,photo
1597,paloo,photo
1598,poloo,photo
1599,paloo,vapor
1600,paloo,vapor
1601,paloo,calen
1602,paloo,vapor
1603,paloo,nonsp
1604,paloo,calen
1605,paloo,porre
1606,paloo,nonsp
1607,paloo,porre
1608,paloo,porre
1609,paloo,calen
1610,paloo,porre
1611,paloo,porre
1612,paloo,calen
1613,paloo,allom
1614,paloo,photo
1615,paloo,nonsp
1616,paloo,allom
1617,paloo,porre
1618,paloo,photo
1619,paloo,vapor
1620,paloo,photo
1621,paloo,porre
1622,paloo,vapor
1623,paloo,calen
1624,paloo,porre
1625,paloo,calen
1626,paloo,photo
1627,paloo,porre
1628,paloo,nonsp
1629,paloo,nonsp
1630,paloo,porre
1631,paloo,allom
1632,paloo,allom
1633,poloo,nonsp
1634,paloo,allom
1635,paloo,allom
1636,paloo,photo
1637,paloo,vapor
1638,paloo,allom
1639,paloo,photo
1640,paloo,allom
1641,paloo,porre
1642,paloo,photo
1643,paloo,nonsp
1644,paloo,allom
1645,paloo,photo
1646,paloo,porre
1647,paloo,photo
1648,paloo,porre
1649,paloo,nonsp
1650,paloo,vapor
1651,paloo,calen
1652,paloo,nonsp
1653,paloo,photo
1654,paloo,photo
1655,paloo,porre
1656,paloo,calen
1657,paloo,photo
1658,paloo,nonsp
1659,paloo,allom
1660,paloo,nonsp
1661,paloo,vapor
1662,paloo,nonsp
1663,paloo,calen
1664,paloo,calen
1665,paloo,porre
1666,paloo,calen
1667,paloo,vapor
1668,paloo,nonsp
1669,paloo,allom
1670,paloo,calen
1671,paloo,calen
1672,paloo,vapor
1673,paloo,photo
1674,paloo,nonsp
1675,paloo,allom
1676,paloo,allom
1677,paloo,calen
1678,paloo,vapor
1679,paloo,calen
1680,paloo,photo
1681,paloo,porre
1682,paloo,photo
1683,paloo,photo
1684,paloo,porre
1685,paloo,nonsp
1686,paloo,photo
1687,paloo,nonsp
1688,paloo,calen
1689,paloo,calen
1690,paloo,calen
1691,paloo,photo
1692,paloo,nonsp
1693,paloo,vapor
1694,paloo,porre
1695,paloo,vapor
1696,palom,allom
1697,paloo,nonsp
1698,paloo,allom
1699,paloo,allom
1700,paloo,allom
1701,poloo,porre
1702,paloo,nonsp
1703,paloo,calen
1704,paloo,nonsp
1705,paloo,photo
1706,paloo,photo
1707,paloo,nonsp
1708,paloo,allom
1709,paloo,allom
1710,paloo,porre
1711,paloo,nonsp
1712,paloo,porre
1713,paloo,vapor
1714,paloo,calen
1715,paloo,nonsp
1716,paloo,porre
1717,paloo,calen
1718,paloo,photo
1719,paloo,calen
1720,paloo,calen
1721,paloo,allom
1722,paloo,nonsp
1723,paloo,allom
1724,paloo,porre
1725,poloo,porre
1726,paloo,calen
1727,poloo,nonsp
1728,paloo,photo
1729,poloo,nonsp
1730,paloo,calen
1731,paloo,vapor
1732,paloo,photo
1733,paloo,porre
1734,paloo,calen
1735,paloo,photo
1736,paloo,calen
1737,paloo,allom
1738,paloo,calen
1739,paloo,vapor
1740,paloo,vapor
1741,paloo,vapor
1742,paloo,photo
1743,paloo,vapor
1744,paloo,vapor
1745,paloo,vapor
1746,paloo,calen
1747,paloo,nonsp
1748,paloo,allom
1749,paloo,vapor
1750,paloo,calen
1751,paloo,vapor
1752,paloo,vapor
1753,paloo,photo
1754,paloo,allom
1755,poloo,nonsp
1756,paloo,calen
1757,paloo,porre
1758,paloo,calen
1759,paloo,nonsp
1760,paloo,nonsp
1761,paloo,vapor
1762,paloo,photo
1763,paloo,calen
1764,paloo,photo
1765,paloo,porre
1766,paloo,nonsp
1767,paloo,calen
1768,paloo,photo
1769,paloo,photo
1770,paloo,photo
1771,poloo,photo
1772,paloo,porre
1773,paloo,allom
1774,paloo,porre
1775,paloo,vapor
1776,paloo,allom
1777,paloo,vapor
1778,paloo,calen
1779,paloo,calen
1780,paloo,vapor
1781,paloo,nonsp
1782,paloo,vapor
1783,paloo,allom
1784,paloo,nonsp
1785,paloo,vapor
1786,paloo,allom
1787,paloo,nonsp
1788,paloo,vapor
1789,poloo,porre
1790,paloo,allom
1791,paloo,porre
1792,paloo,vapor
1793,paloo,nonsp
1794,paloo,photo
1795,paloo,nonsp
1796,paloo,porre
1797,paloo,vapor
1798,paloo,allom
1799,paloo,nonsp
1800,paloo,vapor
1801,paloo,calen
1802,paloo,calen
1803,paloo,vapor
1804,paloo,allom
1805,paloo,allom
1806,paloo,photo
1807,paloo,nonsp
1808,paloo,calen
1809,paloo,porre
1810,paloo,photo
1811,poloo,nonsp
1812,paloo,calen
1813,paloo,vapor
1814,poloo,nonsp
1815,paloo,photo
1816,paloo,porre
1817,paloo,porre
1818,poloo,nonsp
1819,paloo,photo
1820,paloo,photo
1821,paloo,vapor
1822,poloo,porre
1823,paloo,allom
1824,poloo,nonsp
1825,paloo,vapor
1826,paloo,nonsp
1827,paloo,photo
1828,paloo,vapor
1829,paloo,photo
1830,paloo,allom
1831,paloo,calen
1832,paloo,vapor
1833,paloo,calen
1834,paloo,photo
1835,paloo,calen
1836,poloo,nonsp
1837,paloo,calen
1838,paloo,photo
1839,poloo,nonsp
1840,paloo,photo
1841,paloo,vapor
1842,paloo,allom
1843,paloo,nonsp
1844,paloo,porre
1845,paloo,photo
1846,paloo,calen
1847,paloo,porre
1848,paloo,calen
1849,paloo,vapor
1850,paloo,photo
1851,paloo,vapor
1852,paloo,allom
1853,paloo,porre
1854,paloo,calen
1855,paloo,nonsp
1856,paloo,allom
1857,paloo,vapor
1858,paloo,vapor
1859,paloo,calen
1860,paloo,calen
1861,paloo,porre
1862,paloo,allom
1863,paloo,vapor
1864,paloo,calen
1865,paloo,nonsp
1866,paloo,photo
1867,paloo,photo
1868,paloo,allom
1869,paloo,nonsp
1870,paloo,porre
1871,paloo,nonsp
1872,paloo,nonsp
1873,paloo,porre
1874,paloo,allom
1875,paloo,porre
1876,paloo,calen
1877,paloo,allom
1878,poloo,porre
1879,paloo,porre
1880,paloo,photo
1881,paloo,allom
1882,paloo,porre
1883,paloo,allom
1884,paloo,vapor
1885,paloo,vapor
1886,paloo,photo
1887,paloo,vapor
1888,paloo,porre
1889,paloo,allom
1890,paloo,vapor
1891,paloo,vapor
1892,paloo,vapor
1893,paloo,calen
1894,paloo,calen
1895,paloo,vapor
1896,paloo,porre
1897,paloo,photo
1898,paloo,photo
1899,paloo,nonsp
1900,paloo,calen
1901,paloo,nonsp
1902,poloo,calen
1903,paloo,calen
1904,paloo,allom
1905,paloo,nonsp
1906,paloo,porre
1907,poloo,porre
1908,paloo,calen
1909,paloo,allom
1910,paloo,porre
1911,paloo,photo
1912,poloo,porre
1913,paloo,calen
1914,paloo,allom
1915,paloo,photo
1916,paloo,vapor
1917,poloo,vapor
1918,paloo,calen
1919,paloo,photo
1920,paloo,vapor
1921,paloo,porre
1922,paloo,nonsp
1923,paloo,photo
1924,paloo,calen
1925,paloo,vapor
1926,paloo,photo
1927,paloo,porre
1928,paloo,calen
1929,paloo,allom
1930,paloo,vapor
1931,paloo,porre
1932,paloo,porre
1933,paloo,photo
1934,paloo,calen
1935,paloo,nonsp
1936,paloo,porre
1937,paloo,porre
1938,paloo,vapor
1939,paloo,photo
1940,paloo,nonsp
1941,paloo,nonsp
1942,paloo,vapor
1943,paloo,nonsp
1944,paloo,allom
1945,paloo,porre
1946,paloo,porre
1947,paloo,nonsp
1948,paloo,porre
1949,paloo,photo
1950,paloo,allom
1951,paloo,vapor
1952,paloo,photo
1953,paloo,allom
1954,paloo,calen
1955,paloo,vapor
1956,paloo,vapor
1957,paloo,allom
1958,palom,allom
1959,paloo,photo
1960,paloo,porre
1961,poloo,porre
1962,paloo,porre
1963,paloo,allom
1964,paloo,calen
1965,paloo,allom
1966,paloo,photo
1967,paloo,photo
1968,paloo,nonsp
1969,paloo,allom
1970,paloo,calen
1971,paloo,calen
1972,paloo,nonsp
1973,poloo,photo
1974,poloo,nonsp
1975,paloo,calen
1976,paloo,nonsp
1977,paloo,photo
1978,paloo,vapor
1979,paloo,calen
1980,paloo,vapor
1981,paloo,photo
1982,paloo,calen
1983,paloo,calen
1984,paloo,nonsp
1985,paloo,vapor
1986,poloo,vapor
1987,paloo,vapor
1988,paloo,photo
1989,paloo,photo
1990,paloo,allom
1991,paloo,photo
1992,paloo,nonsp
1993,paloo,porre
1994,paloo,nonsp
1995,paloo,vapor
1996,paloo,porre
1997,paloo,calen
1998,paloo,porre
1999,poloo,nonsp
